key;type
最新ニュース速報！政治・経済から面白ニュース迄、瞬時に旬なニュースがわかる！;channel
男の証明;channel
henji 55;channel
気になる ニュース;channel
YouTube動画;channel
まなch！働くパパのための応援ニュース;channel
動画NEWS365（スポーツ 芸能 エンタメ ニュース 生活 赤ちゃん 妊娠 出産 育児 健康 びっくり 新商品）;channel
ぺろぺろどろろん;channel
東アジア 崩壊NEWS;channel
中国のイタイニュースチャンネル;channel
Iine Omoshiroi;channel
news;channel
Yamamoto Ichiro;channel
特定芸能報道局;channel
速報トレンドニュース;channel
韓国経済崩壊 その実態と現状;channel
Take Cyan;channel
ニュース深堀りチャンネル;channel
douga yukaina中国編;channel
ニュース1 いろいろ;channel
中川 さくら;channel
自然災害事故チャンネル;channel
I Yone;channel
世界の謎、不思議ニュースチャンネル;channel
裏技お役立ち動画;channel
KSM WORLD2;channel
ひのもと政治ニュースチャンネル;channel
しきしま会;channel
永井絵理;channel
Ayumi Suzuki;channel
【仮想敵国】中国韓国北朝鮮【嫌韓】【嫌中】【嫌朝】;channel
木村由美のニッポンの素敵！;channel
ラストサムライ CHANNEL;channel
芸能生きがいチャンネル;channel
討論 闘論 倒論ｃｈ;channel
北の某国時事通信;channel
スポーツとニュース;channel
脱出自虐史観から;channel
日本（世界）経済の未来を考えるＣＨ;channel
巨大地震・火山噴火・異常現象;channel
政経まとめＴＶ;channel
中元日芽香応援団;channel
日本の実力;channel
Ichi Daw;channel
話題のニュースちゃんねる;channel
BABYMETALチャンネル;channel
トレンドニュース発信所;channel
トレンドニュース;channel
HOT NEWS;channel
サイドビジネス紹介所;channel
嫌韓嫌中ちゃんねるほぼ日;channel
最新ニュース速報;channel
中・韓 ニュース Part２／ 韓国・中国・北朝鮮;channel
Open to the World!;channel
つべニュース！;channel
しゃきんしょぼん;channel
memo newsjpn;channel
The nekkyouチャンネル;channel
ほのぼのニュース（芸能、スポーツ、エンタメ、ネタ、おもしろ、映画、話題、アニメ、Japan News）;channel
yes！sport TV;channel
それいゆ;channel
sou ke;channel
政経パラダイス;channel
Asa Sei;channel
Youtube Bulltin;channel
芸能人の ちょっと気になるニュース集;channel
野次馬次郎;channel
ponta pon;channel
剛田剛;channel
オフサイドライン News;channel
芸能人の気になる あんなニュース;channel
東アジア tube;channel
スキマニュース！;channel
.com エンタメ;channel
Info Trend;channel
Detatoko shobu;channel
LuckyDog;channel
Cassa Espino;channel
Ｄの丸秘ニュースＴＶ;channel
ken sato;channel
Chair See;channel
Jiyubito Chan;channel
Atm Atm;channel
Seijiの 政治CHANNEL;channel
PD satopan;channel
マーケティングトレンド;channel
放送局 radio;channel
字幕chニュース;channel
噂のニュース＆トレンド速報;channel
ボクのNEWS ch;channel
リーガルロー;channel
東京五輪2020崩壊危機！ニュース速報;channel
時短ニュースアンテナ;channel
チマの気になるニュース;channel
超SATチャンネル;channel
国内ビックニュース情報局;channel
Ryu-ta M;channel
"Zen" Japan relax healing BGM channel TV;channel
# いとーさんのちゃんねる;channel
100菌プロジェクト!!;channel
1nenn4kumin;channel
2015FJR1300ASowner;channel
2chmatome1;channel
2ch実際にあった話チャンネル;channel
2ちゃんねる;channel
2ちゃんねるより修羅場をお届けします;channel
2ちゃんねるスピーカー;channel
30秒だけの最速チャンネル！;channel
AAAjoken;channel
AAAjoken幼児・子供向けアプリゲーム;channel
ABTVnetwork;channel
ARROWS-SCREEN;channel
ASIANGRACE TV;channel
Abc kiki3756mami;channel
AkkoniGames;channel
AmiBeautyTV;channel
Antennas;channel
Asuna@Another ANO 毎日動画投稿;channel
BOWKEN NEWS;channel
Choicerish;channel
D's Project;channel
Daichi Beatboxer;channel
FA東京ゲーム実況マン;channel
FUNACOchannel;channel
Fischer's-フィッシャーズ-;channel
GUTS AND DEATH;channel
Guraman;channel
HARU- Slam;channel
HIKAKIN;channel
HetareBBoy;channel
HiROKi;channel
Hikakin;channel
HikakinBlog;channel
HikakinGames;channel
HikakinTV;channel
Hikaru Games;channel
HikaruTV;channel
IKECHANNEL;channel
Inui Ayumi;channel
JETDAISUKE;channel
Japan Story Channel;channel
JapanNews 777 Channel;channel
K channel;channel
KAGETORA GAMES;channel
KAZUMAXのコーヒーチャンネル;channel
KAZUYA Channel 5D's;channel
KAZUYA Channel;channel
Kan & Aki's CHANNEL;channel
KaramariTV;channel
KazuChannel;channel
KazuGames;channel
KazuTabiTV;channel
KickuTV;channel
Kids Of Ninja;channel
Kiss my life;channel
Ku Ro;channel
Kuma Sun;channel
Kumamiki;channel
Kニュース速報;channel
M.S.S Project Channel;channel
MAHOTO;channel
MEGWIN TV 毎日面白動画;channel
MIMEI LAND;channel
Maniac Sports;channel
MasuoGames;channel
MasuoTV;channel
Megumi Games;channel
Mika tyuu;channel
Miniature Space;channel
MizukiTV;channel
Morusan2chG;channel
NEW マーキュリー;channel
NOW インフォ;channel
News 知りたい;channel
Noelchannel;channel
PDRさん;channel
PDSGames;channel
PDSKabushikiGaisha;channel
PROWRESTLING SHIBATAR ZZ;channel
PeaceChannel;channel
Pipi Doga;channel
Popcollection;channel
R keizo;channel
RadiOyazi;channel
RyukunChannel;channel
SATOMIN Funassyi;channel
SATチャンネル;channel
SHIHO ISSEI;channel
SHIROATV;channel
SHOW 　KUN FPS;channel
SIT OGW;channel
SOSHI Net;channel
SQUASH2nd;channel
SRGAME実況;channel
Satochin Games;channel
Satohiro.net;channel
Seikin;channel
SeikinGames;channel
SeikinTV;channel
Shinano Matsumoto;channel
T&M TV;channel
TAKASHI's ONEPIECE CHANNEL;channel
TK（てぃーけー）;channel
TOMIKKU NET 2nd CH;channel
TOMIKKU NET;channel
TOMOAKI HATANO;channel
TRIBE KA;channel
TedHammerTV;channel
TheDaichiNet;channel
TheMorusaism;channel
Tora Channel;channel
Torrence Walter;channel
UUUM;channel
WARAワイン;channel
WataruChannel;channel
White Style;channel
YONY Channel;channel
YYN TV;channel
Yuske'sHouse;channel
Yuuga Sutazio;channel
aiudesk;channel
akkoni717;channel
ayu tv;channel
bloggerD4;channel
dannaken;channel
douga yukaina;channel
eguri89games;channel
fujiashiy;channel
games tuthinoko;channel
hajime 1 Officiel;channel
haruxnyantv;channel
hashimoto nami;channel
igaigaman haveastroll(イガイガマン);channel
iroiro;channel
jetdaisukex;channel
k2eizo;channel
kanadajin3;channel
kattyanneru1011;channel
kazumeshi;channel
kobayashi tateo;channel
koheim yourbiz;channel
kosuke-sub;channel
kougeisha;channel
love movie ch;channel
masamasaTV;channel
megumi sakaue;channel
mikashindate;channel
mimei;channel
moji mojico;channel
mucciTV;channel
mune0826;channel
naka neko;channel
okaPTV;channel
rei 『NEWSBOX』~News of Japan channel~;channel
ro- Omo;channel
sakura daisuki;channel
sasakiasahi;channel
sasakiasahiVlog;channel
sasuke;channel
sinn mitui;channel
takeyaki 翔;channel
toyoda pango;channel
wakabaDX;channel
warosudouga seikei;channel
yasuchin mao;channel
☆くそしば☆;channel
☆気ままにダラダラ！showちゃんねる☆;channel
【 Usa channel 】;channel
【0712RUI】;channel
【2ちゃんねる・まとめ】速報;channel
【イヴのエンジェルチャンネル】 Angel Channel;channel
【嫌韓】特定亜細亜サヨナラ【嫌中】;channel
【嫌韓】韓国CH;channel
【速報】エンタメ丸かじり！;channel
〜 せぬ;channel
あいたかはしくん;channel
あいも;channel
あきボー／Akihiro;channel
いとのぶ / itonobuh;channel
うーちゃん(uuuchannel);channel
おっちゃんねる;channel
おもしろ東アジア共同体;channel
おるたなChannel;channel
お事件深掘るちゃんねる;channel
ぐっちの部屋(ミラクルぐっち);channel
げ〜む まえちゃんねる;channel
こうじょうちょー;channel
こっさり＆シュンタソ;channel
さとちん TV;channel
しゅーや;channel
しょうへいTV;channel
しろくろちゃんねる;channel
しんじー;channel
そうざぶろう;channel
たかてぃてぃ！;channel
たこらいす;channel
ちいぼーちゃんねる;channel
ちゃんねる嫌韓嫌中;channel
つばさ☆かえでチャンネル;channel
てばチャンネル;channel
できるＤＥＫＩＲＵ;channel
ともスライム;channel
なんｊ動画;channel
のろちゃんねる;channel
はいじぃゲーム劇場;channel
はいじぃ迷作劇場;channel
はじめしゃちょー2 (hajime);channel
はじめしゃちょー（hajime）;channel
はるっち究極;channel
ひっとすたじお;channel
ひねくれ/hinekure;channel
ひろきゅん GAMES;channel
ひろめるちゃん;channel
ぷろたん日記;channel
ぽぴぽぴCH;channel
ぽむぽむユウリ;channel
まいめんちゃんねる;channel
まえちゃんねる 2nd;channel
まえちゃんねる MAECHANNEL;channel
まさとちゃんねる;channel
まっけんテレビ;channel
みずにゃん;channel
みやゆう;channel
みろく chan;channel
みんなの意見まとめチャンネル;channel
もこう -MokoTube-;channel
ゆるキャラトレンディ;channel
よびりん軍曹TV;channel
らぶ♡Japan;channel
ろあのゲームチャンネル♪;channel
アス asu;channel
アバンティーズ;channel
アブ;channel
エストマちゃんねる;channel
エッグ矢沢;channel
エンタメ.com;channel
エンタメトレンド;channel
エンタメ速報ニュースちょっぱや;channel
オレ的ゲーム速報＠刃;channel
オンリーワン 情報Ch;channel
カズちゃんマン;channel
カネマン TV;channel
カラス TV;channel
カードキングダム;channel
カードキングダムサンダー;channel
ガイモン;channel
ガチガチ専門ほんわか道;channel
ガリットチュウ 福島;channel
キジチャンネル;channel
キムチ速報チャンネル;channel
キヨ。;channel
グロッキーズラボ;channel
ケチャップ速報;channel
コガモちゃんねる;channel
コジコジのオタク文化 情報局;channel
コスケチャンネル;channel
コピペ漫画館;channel
コリパン;channel
コーダイプロジェクト;channel
サイヤマングレート;channel
サラトーク /SaraTalk;channel
シンのたわむれチャンネル;channel
ジャストミートあたる;channel
ジュニアISM;channel
スタジオむらい;channel
ゼロチャンネル;channel
タコヤキゴハンひかぴー;channel
チャンネルJBP;channel
チャンネルZERO;channel
チャンネルこうすけ;channel
テンコ森ﾁｬﾝﾈﾙ最新エンタメ情報！;channel
ディズニー・ウメチャンネル;channel
デカキン Dekakin;channel
トマトの化身トマト大好き;channel
トレンドch (TRENDch);channel
トレンド情報チャンネル;channel
ナンクル;channel
ニュースWEB;channel
ニュースとスポーツ;channel
ニュース世評日刊;channel
ネコのリキ;channel
ノリゾー／NORIZO;channel
ノリマサヨシダ;channel
ノリラジオンリー;channel
ハイグレ玉夫【実況】;channel
バイヤーチャンネル24;channel
パズドラ究極攻略TV;channel
ヒゲメガネ;channel
ヒマゴロシ;channel
ビックバンＴＶ スカキャン;channel
ピョコタンチャンネル;channel
ファミ通App;channel
フルーティーズ fruitys;channel
ブライアンチャンネル;channel
プロ野球、メジャー情報TV;channel
プロ野球速報チャンネル;channel
ペイシャンス中村;channel
ボタニカルＴＶ;channel
ポッキー / PockySweets;channel
ポルンガのゲーム実況*主に勝てたら願いを叶えてやろう*;channel
マイちゃんねる;channel
マックスむらい;channel
マミルトン;channel
ミナトの白猫攻略ch;channel
ユミマリのチャンネル;channel
リンチャン;channel
レオンキッズトイ/LEON Kids Toy;channel
レオンチャンネル;channel
ワハハch;channel
万事屋洋ちゃんねる;channel
三浦ＴＶ;channel
三面記事ニュース;channel
上杉征士;channel
上武喜浩;channel
世の中、理不尽と希望にあふれている!!;channel
中国, 韓国ネット＋今話題のニュース;channel
中村愛チャンネル;channel
中野。;channel
中韓ch.;channel
中韓・在朝崩壊;channel
中韓貯蔵施設;channel
人生☆行路;channel
今林佑太;channel
伊智るきあ;channel
伊藤エミリー;channel
佐々木様をボクがサポート;channel
保守論客チャンネル;channel
加藤サイモン;channel
勉強部屋;channel
動画まとめ;channel
動画面白;channel
千鶴CH;channel
南野今杏;channel
在韓邦人の"笑韓"でイコまい！EssentialMovie;channel
埼玉の仙人 SatoshiMachida;channel
場足案航平;channel
変顔女王;channel
夜桜翔TV 毎日動画投稿‼︎;channel
大好き日本！【あすか】;channel
妖怪ウォッチ専門チャンネル;channel
姫はじめしゃちょー「映画バケモノの子糞レビュー」公開中;channel
実況こいむ;channel
微エロ体験ch;channel
怖井都市男;channel
恭チャンネル;channel
政治言論チャンネル;channel
新米チャンネルできるかな？;channel
旅役者でべそ;channel
日本LOVEちゃんねる;channel
日本の明るい未来ch 愛国！;channel
映像創世社;channel
朝の外人 / AsaNoGaijin;channel
木下ゆうか Yuka Kinoshita;channel
東海オンエア;channel
東海オンエアの控え室;channel
松井コーポレーション;channel
松岡収蔵;channel
柊木りお;channel
某国のイージス;channel
某国嫌チャンネルさん;channel
桐崎栄二／きりざきえいじ;channel
桜ちゃんねる;channel
極亜使節団;channel
楽しいこと集めてます動画;channel
気になる記;channel
気になる話２０代女子が;channel
激烈バカ;channel
瀬戸弘司 / Koji Seto;channel
瀬戸弘司ミニ;channel
物申すちゃんねる;channel
生主チャンネル;channel
田中良平;channel
直撮りアルル;channel
真実をニュースから学ぶ;channel
社会と私;channel
神崎奈々;channel
竹花リベンジ;channel
花子ちゃんねる;channel
芸能人情報局;channel
藤宮佑稀 Channel;channel
話題チャンネルニュース事件;channel
話題速報;channel
財)パテモソ協会。 / PATEMOSO KYOKAI(JPN);channel
赤髪のとものゲーム実況チャンネル!!;channel
蹴球太郎;channel
金ちゃんのニュース速報;channel
金澤拓実#KanaTaku;channel
鈴川絢子/Suzukawa Ayako;channel
開封戦隊ショウカイジャーJP;channel
雄介的伝記/Yusuketekidenki;channel
韓中修行;channel
韓中衰栄;channel
韓国チャンネル(CoreaCH) ニダニダ ndnd;channel
韓国経済 最新ニュース;channel
飲み屋で使える裏情報;channel
２Ｃｈの物語チャンネル;channel
ＤＩＹ道楽テツ;channel
ｖ モティ「動画　更新頻度高め」;channel
;undefined